City_ID,City,Lat,Lng,Max Temp,Humidity,Cloudiness,Wind Speed,Country,Date
0,Sao Joao Da Barra,-21.6403,-41.0511,73.51,95,100,19.01,BR,2021-10-16 23:52:28
1,Kapaa,22.0752,-159.319,80.92,76,40,5.99,US,2021-10-16 23:52:28
2,Avera,33.194,-82.5271,72.28,52,0,13.62,US,2021-10-16 23:52:29
3,Mulege,26.8833,-111.9833,81.75,45,0,6.85,MX,2021-10-16 23:52:29
4,Yeppoon,-23.1333,150.7333,78.58,51,0,6.46,AU,2021-10-16 23:52:29
5,Conceicao Do Coite,-11.5639,-39.2828,73.69,73,93,12.73,BR,2021-10-16 23:52:30
6,Chifeng,42.2683,118.9636,34.12,23,0,10.0,CN,2021-10-16 23:52:30
7,Seymchan,62.8833,152.4333,14.59,61,66,8.68,RU,2021-10-16 23:52:31
8,Cape Town,-33.9258,18.4232,57.11,66,75,4.0,ZA,2021-10-16 23:51:36
9,Mahebourg,-20.4081,57.7,73.26,83,40,9.22,MU,2021-10-16 23:52:32
10,Saint George,37.1041,-113.5841,77.47,14,1,0.0,US,2021-10-16 23:50:04
11,Dariba,24.95,74.1333,75.29,36,100,4.03,IN,2021-10-16 23:52:32
12,Nouadhibou,20.931,-17.0347,75.49,63,93,17.27,MR,2021-10-16 23:52:33
13,Sobolevo,54.4299,31.8996,39.07,90,59,9.53,RU,2021-10-16 23:52:34
14,Castro,-24.7911,-50.0119,61.72,98,65,9.84,BR,2021-10-16 23:52:34
15,Urumqi,43.801,87.6005,38.35,56,0,4.47,CN,2021-10-16 23:52:35
16,Lagoa,39.05,-27.9833,70.48,88,100,28.25,PT,2021-10-16 23:52:35
17,Barela,23.1,80.05,74.01,88,97,3.11,IN,2021-10-16 23:52:36
18,Marsaxlokk,35.8419,14.5431,65.08,88,40,1.14,MT,2021-10-16 23:52:36
19,Rosario Oeste,-14.8361,-56.4275,73.49,88,46,3.56,BR,2021-10-16 23:52:37
20,Bengkulu,-3.8004,102.2655,77.76,83,99,3.51,ID,2021-10-16 23:52:37
21,Ponta Do Sol,32.6667,-17.1,73.71,48,87,3.4,PT,2021-10-16 23:52:38
22,Vaini,-21.2,-175.2,77.16,88,75,9.22,TO,2021-10-16 23:52:38
23,Busselton,-33.65,115.3333,59.09,74,100,9.6,AU,2021-10-16 23:52:39
24,Tahlequah,35.9154,-94.97,65.71,39,1,0.0,US,2021-10-16 23:52:39
25,Zhezkazgan,47.8043,67.7144,41.47,50,42,6.76,KZ,2021-10-16 23:52:40
26,Barrow,71.2906,-156.7887,21.22,73,90,11.5,US,2021-10-16 23:50:38
27,Aleksandrovka,46.8383,32.7612,55.6,54,100,7.63,UA,2021-10-16 23:52:41
28,Maneadero,31.7167,-116.5667,82.18,25,0,3.42,MX,2021-10-16 23:52:42
29,Pangnirtung,66.1451,-65.7125,29.52,57,3,6.24,CA,2021-10-16 23:52:42
30,Rikitea,-23.1203,-134.9692,75.09,80,12,11.12,PF,2021-10-16 23:52:43
31,Obo,5.3998,26.4869,68.67,96,100,3.24,CF,2021-10-16 23:52:43
32,Inhambane,-23.865,35.3833,75.78,91,0,11.5,MZ,2021-10-16 23:52:44
33,Albany,42.6001,-73.9662,60.75,92,91,1.99,US,2021-10-16 23:52:44
34,Punta Arenas,-53.15,-70.9167,41.11,65,20,23.02,CL,2021-10-16 23:52:44
35,Damuc,46.8,25.9,45.46,95,100,1.88,RO,2021-10-16 23:52:45
36,Los Llanos De Aridane,28.6585,-17.9182,67.75,83,75,6.91,ES,2021-10-16 23:52:45
37,Ouango,4.3133,22.5552,69.66,96,98,1.3,CF,2021-10-16 23:52:46
38,Namibe,-15.1961,12.1522,62.87,85,20,4.09,AO,2021-10-16 23:52:46
39,Tallahassee,30.4383,-84.2807,76.62,75,40,3.0,US,2021-10-16 23:52:47
40,Beringovskiy,63.05,179.3167,32.97,79,100,33.84,RU,2021-10-16 23:52:47
41,General Cepeda,25.3833,-101.45,56.61,75,93,10.16,MX,2021-10-16 23:52:48
42,Gorin,51.1983,136.6669,27.88,77,100,15.97,RU,2021-10-16 23:52:48
43,Terrace,54.5163,-128.6035,46.42,76,75,0.0,CA,2021-10-16 23:52:49
44,Hilo,19.7297,-155.09,75.79,90,90,6.91,US,2021-10-16 23:52:49
45,Calabozo,8.9242,-67.4293,83.19,68,86,4.7,VE,2021-10-16 23:52:50
46,Norman Wells,65.282,-126.8329,28.44,86,90,16.11,CA,2021-10-16 23:52:50
47,Meulaboh,4.1363,96.1285,78.33,82,100,4.85,ID,2021-10-16 23:52:52
48,Okhotsk,59.3833,143.3,19.36,60,7,9.98,RU,2021-10-16 23:52:52
49,Ushuaia,-54.8,-68.3,33.46,93,75,26.46,AR,2021-10-16 23:52:52
50,East London,-33.0153,27.9116,57.04,57,19,20.15,ZA,2021-10-16 23:52:53
51,Petropavlovsk-Kamchatskiy,53.0452,158.6483,41.59,31,0,6.71,RU,2021-10-16 23:52:53
52,Longyearbyen,78.2186,15.6401,26.44,46,75,13.8,SJ,2021-10-16 23:52:54
53,Wanxian,30.8039,108.3897,57.02,87,100,3.69,CN,2021-10-16 23:52:54
54,Palma Soriano,20.2172,-75.9989,74.95,89,58,2.73,CU,2021-10-16 23:52:55
55,Abha,18.2164,42.5053,62.42,19,0,9.22,SA,2021-10-16 23:51:13
56,Mataura,-46.1927,168.8643,66.87,43,38,8.95,NZ,2021-10-16 23:52:55
57,Aldergrove,49.058,-122.4709,65.68,76,75,18.41,CA,2021-10-16 23:49:11
58,Sibu,2.3,111.8167,75.51,94,40,1.99,MY,2021-10-16 23:52:56
59,Sabang,5.8933,95.3214,82.54,74,95,15.1,ID,2021-10-16 23:52:57
60,Khasan,42.4308,130.6434,36.39,37,0,19.82,RU,2021-10-16 23:52:57
61,Fare,-16.7,-151.0167,80.29,71,25,19.48,PF,2021-10-16 23:52:58
62,Bluff,-46.6,168.3333,58.1,65,78,10.58,NZ,2021-10-16 23:52:59
63,Ankazoabo,-22.2833,44.5167,71.98,58,0,3.65,MG,2021-10-16 23:52:59
64,Kodiak,57.79,-152.4072,44.11,39,1,8.05,US,2021-10-16 23:53:00
65,Tromso,69.6496,18.957,37.42,75,75,1.01,NO,2021-10-16 23:50:26
66,Khatanga,71.9667,102.5,17.01,92,100,6.58,RU,2021-10-16 23:53:00
67,Chuy,-33.6971,-53.4616,49.3,69,37,4.47,UY,2021-10-16 23:53:01
68,Myitkyina,25.3833,97.4,74.03,94,94,1.5,MM,2021-10-16 23:53:01
69,Bowen,-20.0167,148.2333,82.62,72,3,7.23,AU,2021-10-16 23:53:02
70,Alofi,-19.0595,-169.9187,78.39,70,47,13.13,NU,2021-10-16 23:53:03
71,Leningradskiy,69.3833,178.4167,17.29,96,100,5.14,RU,2021-10-16 23:53:04
72,Sesheke,-17.4759,24.2968,75.97,18,42,4.99,ZM,2021-10-16 23:53:04
73,Cabo San Lucas,22.8909,-109.9124,84.51,72,15,4.94,MX,2021-10-16 23:53:05
74,Avarua,-21.2078,-159.775,80.65,78,20,9.22,CK,2021-10-16 23:53:05
75,Japura,-0.3167,102.35,77.05,94,100,2.35,ID,2021-10-16 23:53:06
76,Butaritari,3.0707,172.7902,81.81,68,9,12.84,KI,2021-10-16 23:53:07
77,Arraial Do Cabo,-22.9661,-42.0278,72.68,94,81,8.97,BR,2021-10-16 23:53:07
78,Port Alfred,-33.5906,26.891,55.62,60,39,21.43,ZA,2021-10-16 23:53:07
79,Qaanaaq,77.484,-69.3632,21.09,86,100,9.82,GL,2021-10-16 23:53:08
80,Lebu,-37.6167,-73.65,51.04,85,84,14.12,CL,2021-10-16 23:53:09
81,Hihya,30.6713,31.588,79.68,68,51,2.8,EG,2021-10-16 23:53:09
82,Bom Jesus Da Lapa,-13.255,-43.4181,81.66,49,100,5.84,BR,2021-10-16 23:53:10
83,Suluq,31.6682,20.2521,67.17,61,47,5.55,LY,2021-10-16 23:53:10
84,Tabou,4.423,-7.3528,77.63,88,36,6.44,CI,2021-10-16 23:53:11
85,Hobart,-42.8794,147.3294,57.06,59,75,12.66,AU,2021-10-16 23:48:13
86,Maningrida,-12.0667,134.2667,89.11,56,81,7.85,AU,2021-10-16 23:53:11
87,Rio Grande,-32.035,-52.0986,51.94,64,47,7.34,BR,2021-10-16 23:50:26
88,Nanortalik,60.1432,-45.2371,38.48,71,93,2.04,GL,2021-10-16 23:53:12
89,Adrar,20.5022,-10.0711,82.87,16,31,7.45,MR,2021-10-16 23:53:13
90,Tuatapere,-46.1333,167.6833,58.39,75,85,7.29,NZ,2021-10-16 23:53:13
91,Vardo,70.3705,31.1107,40.66,97,100,24.65,NO,2021-10-16 23:53:13
92,Bilibino,68.0546,166.4372,-0.63,94,20,2.95,RU,2021-10-16 23:53:14
93,Shelburne,44.0787,-80.2041,49.26,91,73,12.48,CA,2021-10-16 23:48:30
94,Torbay,47.6666,-52.7314,44.58,95,90,21.85,CA,2021-10-16 23:53:15
95,Baykit,61.67,96.37,30.96,91,82,1.45,RU,2021-10-16 23:53:15
96,Viedma,-40.8135,-62.9967,51.03,52,40,9.06,AR,2021-10-16 23:53:16
97,Kallithiron,39.2817,21.9061,60.44,89,78,1.23,GR,2021-10-16 23:53:16
98,Henties Bay,-22.116,14.2845,53.85,86,0,10.25,NA,2021-10-16 23:53:17
99,Kununurra,-15.7667,128.7333,85.98,62,88,9.22,AU,2021-10-16 23:53:17
100,Lompoc,34.6391,-120.4579,84.78,17,1,12.66,US,2021-10-16 23:53:17
101,Tilichiki,60.4667,166.1,18.07,64,100,9.75,RU,2021-10-16 23:53:18
102,Alta Floresta,-9.8756,-56.0861,72.34,95,100,3.49,BR,2021-10-16 23:53:18
103,May Pen,17.9645,-77.2451,83.41,82,76,1.03,JM,2021-10-16 23:53:19
104,Waipawa,-41.4122,175.5153,58.03,59,100,15.39,NZ,2021-10-16 23:53:19
105,Ribeira Grande,38.5167,-28.7,73.53,85,100,40.15,PT,2021-10-16 23:53:20
106,Georgetown,5.4112,100.3354,80.89,90,20,0.0,MY,2021-10-16 23:53:20
107,Auki,-8.7676,160.7034,86.14,62,72,3.29,SB,2021-10-16 23:53:21
108,Saint-Philippe,-21.3585,55.7679,71.15,72,40,13.78,RE,2021-10-16 23:53:21
109,Koutsouras,35.0339,25.9469,68.67,60,38,2.37,GR,2021-10-16 23:53:22
110,Pafos,34.7667,32.4167,71.51,64,40,2.3,CY,2021-10-16 23:53:22
111,Mayo,38.8876,-76.5119,63.48,90,90,5.01,US,2021-10-16 23:53:22
112,Chumikan,54.7183,135.315,22.93,55,89,7.54,RU,2021-10-16 23:53:23
113,Narsaq,60.9167,-46.05,35.51,56,68,8.34,GL,2021-10-16 23:53:23
114,Ossora,59.2353,163.0719,29.5,69,100,12.1,RU,2021-10-16 23:53:24
115,Kologriv,58.8275,44.3178,39.47,93,74,8.12,RU,2021-10-16 23:53:24
116,Gamba,-2.65,10.0,75.61,87,99,5.21,GA,2021-10-16 23:53:25
117,Terra Rica,-22.7094,-52.6169,69.96,87,86,5.03,BR,2021-10-16 23:53:25
118,Usinsk,65.9939,57.5281,37.71,98,100,18.63,RU,2021-10-16 23:53:26
119,Kalabo,-14.97,22.6814,72.05,43,6,5.77,ZM,2021-10-16 23:53:26
120,Barnstaple,51.0802,-4.0581,58.01,93,85,7.81,GB,2021-10-16 23:53:27
121,Quelimane,-17.8786,36.8883,82.35,61,0,11.99,MZ,2021-10-16 23:53:27
122,Malyye Derbety,47.9547,44.6808,55.15,36,100,7.07,RU,2021-10-16 23:53:27
123,Atuona,-9.8,-139.0333,77.5,80,39,18.88,PF,2021-10-16 23:53:28
124,Yar-Sale,66.8333,70.8333,39.58,91,100,17.54,RU,2021-10-16 23:53:28
125,Constitucion,-35.3333,-72.4167,51.82,87,85,15.23,CL,2021-10-16 23:53:28
126,Isangel,-19.55,169.2667,77.11,94,90,0.0,VU,2021-10-16 23:53:29
127,Moree,-29.4667,149.85,68.02,40,10,4.61,AU,2021-10-16 23:53:30
128,Klaksvik,62.2266,-6.589,40.12,64,89,7.0,FO,2021-10-16 23:53:30
129,San Quintin,30.4833,-115.95,74.3,34,0,9.15,MX,2021-10-16 23:53:31
130,Lavrentiya,65.5833,-171.0,29.26,77,99,20.0,RU,2021-10-16 23:53:31
131,Iqaluit,63.7506,-68.5145,28.13,86,1,1.99,CA,2021-10-16 23:52:05
132,Airai,-8.9266,125.4092,72.61,60,6,1.23,TL,2021-10-16 23:53:32
133,New Norfolk,-42.7826,147.0587,57.7,42,99,7.43,AU,2021-10-16 23:53:32
134,Karratha,-20.7377,116.8463,76.44,47,42,11.45,AU,2021-10-16 23:53:33
135,Bredasdorp,-34.5322,20.0403,52.29,73,97,11.12,ZA,2021-10-16 23:53:34
136,Shaunavon,49.6501,-108.4181,65.98,28,23,10.47,CA,2021-10-16 23:53:34
137,Zalesovo,53.9939,84.7431,34.36,79,80,2.28,RU,2021-10-16 23:53:35
138,Umm Lajj,25.0213,37.2685,83.03,68,0,8.99,SA,2021-10-16 23:53:35
139,Nome,64.5011,-165.4064,30.27,86,75,14.97,US,2021-10-16 23:48:47
140,Bustamante,26.5333,-100.5,69.08,37,69,2.33,MX,2021-10-16 23:53:36
141,Kermanshah,34.3142,47.065,63.99,38,40,2.1,IR,2021-10-16 23:53:36
142,Omsukchan,62.5333,155.8,4.89,88,100,5.19,RU,2021-10-16 23:53:37
143,Westport,41.1415,-73.3579,71.64,83,90,1.01,US,2021-10-16 23:53:37
144,Suslovo,56.2167,88.1167,31.21,73,1,5.48,RU,2021-10-16 23:53:38
145,Kirovohrad,48.5132,32.2597,48.31,79,100,7.36,UA,2021-10-16 23:53:38
146,Provideniya,64.3833,-173.3,29.46,83,100,27.18,RU,2021-10-16 23:53:39
147,Fairbanks,64.8378,-147.7164,30.6,85,90,0.0,US,2021-10-16 23:50:32
148,Tuktoyaktuk,69.4541,-133.0374,26.6,86,90,5.75,CA,2021-10-16 23:53:39
149,Impfondo,1.6381,18.0667,70.79,96,33,2.55,CG,2021-10-16 23:53:40
150,Aklavik,68.2191,-135.0107,25.52,86,75,3.44,CA,2021-10-16 23:53:40
151,Jamestown,42.097,-79.2353,56.79,73,20,5.99,US,2021-10-16 23:51:26
152,Izhma,65.0083,53.9113,41.07,93,100,10.2,RU,2021-10-16 23:53:41
153,Lakes Entrance,-37.8811,147.981,61.16,53,99,8.08,AU,2021-10-16 23:53:42
154,Acari,-15.4311,-74.6158,69.28,71,95,4.97,PE,2021-10-16 23:53:42
155,Bambous Virieux,-20.3428,57.7575,73.22,83,40,9.22,MU,2021-10-16 23:53:17
156,Port Elizabeth,-33.918,25.5701,55.69,62,0,16.11,ZA,2021-10-16 23:53:43
157,Severo-Kurilsk,50.6789,156.125,40.77,59,100,8.68,RU,2021-10-16 23:53:43
158,Leshan,29.5623,103.7639,56.14,87,98,1.83,CN,2021-10-16 23:53:44
159,Basco,20.4487,121.9702,82.29,72,47,22.66,PH,2021-10-16 23:53:44
160,Nikolskoye,59.7035,30.7861,43.88,79,99,11.77,RU,2021-10-16 23:53:45
161,Escanaba,45.7453,-87.0646,53.2,64,20,5.75,US,2021-10-16 23:49:00
162,Fortuna,40.5982,-124.1573,80.19,62,1,1.01,US,2021-10-16 23:50:52
163,Sechura,-5.5569,-80.8222,67.24,79,96,14.72,PE,2021-10-16 23:53:45
164,Hamilton,39.1834,-84.5333,56.73,61,75,1.01,US,2021-10-16 23:49:50
165,Bethel,41.3712,-73.414,70.38,90,21,11.52,US,2021-10-16 23:53:46
166,Olinda,-8.0089,-34.8553,76.73,78,75,13.8,BR,2021-10-16 23:53:47
167,Thompson,55.7435,-97.8558,42.96,75,20,10.36,CA,2021-10-16 23:53:47
168,Esperance,-33.8667,121.9,60.64,65,8,5.39,AU,2021-10-16 23:53:48
169,Kailua,21.4022,-157.7394,85.98,69,75,10.36,US,2021-10-16 23:51:00
170,Selkirk,50.1436,-96.8845,60.87,41,1,7.87,CA,2021-10-16 23:53:49
171,Clyde River,70.4692,-68.5914,26.06,80,70,10.4,CA,2021-10-16 23:53:49
172,Komsomolskiy,40.4272,71.7189,47.62,61,7,9.22,UZ,2021-10-16 23:53:50
173,Flinders,-34.5833,150.8552,69.06,46,2,5.01,AU,2021-10-16 23:53:50
174,Bulgan,48.8125,103.5347,29.79,40,20,2.86,MN,2021-10-16 23:53:50
175,Llandrindod Wells,52.2416,-3.3787,54.28,96,99,5.46,GB,2021-10-16 23:53:51
176,Chakia,26.4167,85.05,78.26,82,59,7.38,IN,2021-10-16 23:53:51
177,Diphu,25.8333,93.4333,74.88,89,99,2.48,IN,2021-10-16 23:53:51
178,Belmonte,-15.8631,-38.8828,77.5,83,75,9.8,BR,2021-10-16 23:53:52
179,Hermanus,-34.4187,19.2345,52.9,75,94,11.7,ZA,2021-10-16 23:53:52
180,Souillac,-20.5167,57.5167,73.36,83,40,9.22,MU,2021-10-16 23:53:53
181,Gao,16.6362,1.637,84.2,11,2,10.65,ML,2021-10-16 23:53:53
182,Altud,43.7219,43.8658,52.25,84,5,3.8,RU,2021-10-16 23:53:54
183,Kutum,14.2,24.6667,77.0,20,4,5.75,SD,2021-10-16 23:53:54
184,Lake Havasu City,34.4839,-114.3224,87.1,8,1,5.99,US,2021-10-16 23:53:54
185,Geraldton,-28.7667,114.6,61.21,72,75,11.5,AU,2021-10-16 23:53:44
186,West Fargo,46.875,-96.9004,57.2,44,1,1.01,US,2021-10-16 23:49:46
187,Varkaus,62.3153,27.873,39.31,88,100,14.27,FI,2021-10-16 23:53:55
188,Puerto Ayora,-0.7393,-90.3518,70.56,87,81,5.99,EC,2021-10-16 23:53:56
189,Sable-Sur-Sarthe,47.8376,-0.3329,50.94,82,46,6.4,FR,2021-10-16 23:53:56
190,Tomatlan,19.9333,-105.25,81.63,83,72,3.4,MX,2021-10-16 23:53:57
191,Teya,60.3778,92.6267,36.34,96,99,3.24,RU,2021-10-16 23:53:57
192,Mahajanga,-15.7167,46.3167,71.62,60,20,5.75,MG,2021-10-16 23:53:57
193,Atasu,48.6814,71.6433,38.12,61,39,6.62,KZ,2021-10-16 23:53:58
194,Mount Gambier,-37.8333,140.7667,53.51,82,90,8.05,AU,2021-10-16 23:53:58
195,Haverfordwest,51.8017,-4.9691,59.16,88,97,3.0,GB,2021-10-16 23:53:59
196,Zheleznodorozhnyy,55.7503,38.0042,41.18,82,31,9.33,RU,2021-10-16 23:53:59
197,Aykhal,66.0,111.5,6.98,99,92,3.91,RU,2021-10-16 23:54:00
198,Senanga,-16.1167,23.2667,69.58,23,18,3.44,ZM,2021-10-16 23:54:00
199,Makakilo City,21.3469,-158.0858,81.61,61,90,11.5,US,2021-10-16 23:54:01
200,Tkibuli,42.3477,42.9981,49.24,85,4,5.93,GE,2021-10-16 23:54:01
201,Yulara,-25.2406,130.9889,76.84,20,69,18.41,AU,2021-10-16 23:54:02
202,Eureka,40.8021,-124.1637,79.75,70,58,3.8,US,2021-10-16 23:54:03
203,Altay,47.8667,88.1167,37.13,42,0,9.53,CN,2021-10-16 23:54:03
204,Upernavik,72.7868,-56.1549,20.75,55,65,7.05,GL,2021-10-16 23:54:04
205,Salalah,17.0151,54.0924,76.28,79,40,3.89,OM,2021-10-16 23:54:04
206,Vikersund,59.9659,9.995,45.79,82,55,2.82,NO,2021-10-16 23:54:05
207,Kaitangata,-46.2817,169.8464,64.76,50,60,4.03,NZ,2021-10-16 23:53:52
208,Cherskiy,68.75,161.3,-4.2,97,53,3.27,RU,2021-10-16 23:53:36
209,Hami,42.8,93.45,47.44,28,2,8.05,CN,2021-10-16 23:54:05
210,Baracoa,20.3467,-74.4958,78.03,87,53,3.94,CU,2021-10-16 23:54:06
211,Pustoshka,56.3355,29.369,45.14,80,86,12.1,RU,2021-10-16 23:54:06
212,Eyl,7.9803,49.8164,77.63,86,100,10.63,SO,2021-10-16 23:54:07
213,Hasaki,35.7333,140.8333,63.28,83,65,24.83,JP,2021-10-16 23:54:07
214,Saskylakh,71.9167,114.0833,-1.57,99,99,4.07,RU,2021-10-16 23:54:07
215,Biswan,27.5,81.0,77.83,78,97,5.73,IN,2021-10-16 23:54:08
216,Chara,56.9064,118.2631,19.29,65,95,2.66,RU,2021-10-16 23:54:08
217,Surt,31.2089,16.5887,69.15,63,98,7.11,LY,2021-10-16 23:54:09
218,Beloha,-25.1667,45.05,70.5,80,2,5.68,MG,2021-10-16 23:54:09
219,Owando,-0.4819,15.8999,70.3,96,85,2.95,CG,2021-10-16 23:54:09
220,Teahupoo,-17.8333,-149.2667,80.56,72,56,19.64,PF,2021-10-16 23:54:10
221,Laguna,38.421,-121.4238,87.91,21,1,3.0,US,2021-10-16 23:54:10
222,Alice Springs,-23.7,133.8833,72.95,23,43,10.36,AU,2021-10-16 23:51:50
223,Poum,-20.2333,164.0167,76.71,80,17,5.88,NC,2021-10-16 23:54:11
224,Kavieng,-2.5744,150.7967,85.86,63,93,11.61,PG,2021-10-16 23:53:31
225,Kirakira,-10.4544,161.9205,85.14,68,70,5.88,SB,2021-10-16 23:54:12
226,Broome,42.2506,-75.833,56.19,86,90,1.01,US,2021-10-16 23:54:12
227,Poros,37.4994,23.4536,66.63,71,9,6.29,GR,2021-10-16 23:54:13
228,Anloga,5.7947,0.8973,80.82,82,33,11.68,GH,2021-10-16 23:54:13
229,Muhos,64.808,25.9931,38.98,97,100,9.53,FI,2021-10-16 23:54:14
230,Ati,13.2154,18.3353,85.89,52,41,5.06,TD,2021-10-16 23:54:14
231,Farmington,36.7281,-108.2187,69.19,14,1,3.44,US,2021-10-16 23:52:49
232,Ligayan,4.6533,119.4706,82.85,78,100,8.08,PH,2021-10-16 23:54:15
233,Mantua,45.1667,10.7833,57.74,80,3,0.85,IT,2021-10-16 23:53:24
234,Denia,38.8408,0.1057,69.85,86,100,1.99,ES,2021-10-16 23:54:15
235,Portland,45.5234,-122.6762,70.47,60,75,1.01,US,2021-10-16 23:52:13
236,Namatanai,-3.6667,152.4333,84.99,68,40,9.53,PG,2021-10-16 23:54:16
237,Bathsheba,13.2167,-59.5167,83.01,78,40,6.91,BB,2021-10-16 23:54:16
238,Aksu,41.1231,80.2644,47.01,24,46,2.55,CN,2021-10-16 23:54:17
239,Luanda,-8.8368,13.2343,75.2,83,20,4.61,AO,2021-10-16 23:51:56
240,Ngama,11.7833,17.1667,77.81,75,100,4.03,TD,2021-10-16 23:54:18
241,Aguimes,27.9054,-15.4461,68.67,88,20,14.97,ES,2021-10-16 23:54:18
242,Wuan,31.6836,112.0044,51.94,72,100,3.53,CN,2021-10-16 23:54:19
243,Luderitz,-26.6481,15.1594,54.88,64,45,24.7,NA,2021-10-16 23:54:19
244,La Fria,8.2203,-72.2439,82.51,92,100,4.34,VE,2021-10-16 23:54:20
245,Biak,-0.9131,122.8766,82.13,72,77,2.51,ID,2021-10-16 23:54:20
246,Coahuayana,18.7333,-103.6833,82.72,79,60,3.06,MX,2021-10-16 23:54:20
247,Codrington,-38.2667,141.9667,56.55,62,97,8.5,AU,2021-10-16 23:54:21
248,Banda Aceh,5.5577,95.3222,80.64,76,92,10.36,ID,2021-10-16 23:54:18
249,Abnub,27.2696,31.1511,75.42,22,3,7.63,EG,2021-10-16 23:54:21
250,Mar Del Plata,-38.0023,-57.5575,59.02,62,0,11.99,AR,2021-10-16 23:54:22
251,Kahului,20.8947,-156.47,81.97,73,19,11.01,US,2021-10-16 23:54:22
252,Ilulissat,69.2167,-51.1,13.1,62,4,9.95,GL,2021-10-16 23:50:12
253,Den Helder,52.9599,4.7593,56.98,81,75,11.99,NL,2021-10-16 23:51:23
254,Goderich,43.7501,-81.7165,57.9,62,72,18.41,CA,2021-10-16 23:54:23
255,Toora-Khem,52.4675,96.11,19.96,86,2,1.92,RU,2021-10-16 23:54:24
256,Churachandpur,24.3333,93.6667,66.72,93,99,3.42,IN,2021-10-16 23:54:24
257,Victoria,22.2855,114.1577,75.33,76,58,1.01,HK,2021-10-16 23:54:25
258,Egvekinot,66.3167,-179.1667,17.89,81,45,14.12,RU,2021-10-16 23:54:25
259,Carnarvon,-24.8667,113.6333,64.47,72,75,9.22,AU,2021-10-16 23:54:26
260,Morros,-9.4467,-46.3003,84.47,41,99,4.07,BR,2021-10-16 23:54:26
261,Juba,4.8517,31.5825,72.07,85,62,3.51,SS,2021-10-16 23:54:26
262,Sabha,27.0377,14.4283,69.31,35,0,10.94,LY,2021-10-16 23:54:27
263,Zharkent,44.1628,80.0,47.95,44,0,1.97,KZ,2021-10-16 23:54:27
264,Chokurdakh,70.6333,147.9167,-2.36,99,94,2.08,RU,2021-10-16 23:54:28
265,Morro Bay,35.3658,-120.8499,85.39,14,0,3.0,US,2021-10-16 23:54:28
266,Berlevag,70.8578,29.0864,38.84,98,100,28.25,NO,2021-10-16 23:54:28
267,Cidreira,-30.1811,-50.2056,60.94,76,100,9.15,BR,2021-10-16 23:54:29
268,Ryotsu,38.0833,138.4333,55.36,74,100,20.89,JP,2021-10-16 23:54:29
269,Mehamn,71.0357,27.8492,38.01,95,100,26.17,NO,2021-10-16 23:54:30
270,Sangar,63.9242,127.4739,12.2,83,92,2.28,RU,2021-10-16 23:54:30
271,Vao,-22.6667,167.4833,73.29,88,47,7.07,NC,2021-10-16 23:54:31
272,Minatitlan,17.9833,-94.5167,76.44,84,100,9.35,MX,2021-10-16 23:54:31
273,Roebourne,-20.7833,117.1333,78.4,42,40,10.58,AU,2021-10-16 23:54:32
274,Pangody,65.85,74.4859,36.03,94,66,14.2,RU,2021-10-16 23:54:32
275,Normal,40.5142,-88.9906,55.69,54,1,10.36,US,2021-10-16 23:49:56
276,Hithadhoo,-0.6,73.0833,82.51,77,100,18.92,MV,2021-10-16 23:54:33
277,Hobyo,5.3505,48.5268,78.01,87,34,17.31,SO,2021-10-16 23:54:33
278,Maniitsoq,65.4167,-52.9,35.64,49,1,8.66,GL,2021-10-16 23:54:34
279,Yerbogachen,61.2767,108.0108,19.0,93,21,4.54,RU,2021-10-16 23:54:35
280,Husavik,66.0449,-17.3389,30.11,83,98,3.29,IS,2021-10-16 23:54:35
281,La Tuque,47.4334,-72.7824,62.85,94,100,8.05,CA,2021-10-16 23:54:36
282,Pelotas,-31.7719,-52.3425,51.85,80,56,3.74,BR,2021-10-16 23:51:25
283,Lagunas,-5.2269,-75.6753,75.0,79,72,0.89,PE,2021-10-16 23:54:36
284,Bilma,18.6853,12.9164,85.77,29,99,14.16,NE,2021-10-16 23:54:37
285,Pacific Grove,36.6177,-121.9166,87.3,45,1,3.0,US,2021-10-16 23:50:14
286,Braniewo,54.3797,19.8196,49.35,75,100,16.91,PL,2021-10-16 23:54:37
287,Tasiilaq,65.6145,-37.6368,22.53,64,98,5.19,GL,2021-10-16 23:54:38
288,Vallenar,-28.5708,-70.7581,62.4,52,0,2.98,CL,2021-10-16 23:54:38
289,Te Anau,-45.4167,167.7167,51.24,96,100,5.95,NZ,2021-10-16 23:54:39
290,Wawa,9.9022,4.4192,77.72,58,5,4.92,NG,2021-10-16 23:54:39
291,Itaituba,-4.2761,-55.9836,85.48,55,88,2.51,BR,2021-10-16 23:51:08
292,Sibolga,1.7427,98.7792,78.37,84,100,2.8,ID,2021-10-16 23:54:40
293,Balabac,7.9868,117.0645,82.26,77,100,2.93,PH,2021-10-16 23:54:40
294,Hambantota,6.1241,81.1185,79.72,81,81,18.3,LK,2021-10-16 23:54:41
295,Pombia,45.653,8.6336,52.61,89,0,6.91,IT,2021-10-16 23:54:41
296,Maltahohe,-24.8333,16.9833,51.46,28,0,18.99,NA,2021-10-16 23:54:42
297,Vanimo,-2.6741,141.3028,84.36,71,76,4.36,PG,2021-10-16 23:54:42
298,Pierre,44.3683,-100.351,61.86,44,0,3.0,US,2021-10-16 23:54:43
299,Ust-Kut,56.7938,105.7672,30.56,83,95,5.48,RU,2021-10-16 23:54:43
300,Solnechnyy,50.7214,136.6319,25.11,81,99,12.48,RU,2021-10-16 23:54:44
301,Kargopol,61.5071,38.9456,37.96,83,93,11.59,RU,2021-10-16 23:54:45
302,Daru,-9.0763,143.2092,82.92,74,100,6.6,PG,2021-10-16 23:54:45
303,Coquimbo,-29.9533,-71.3436,58.73,72,0,11.5,CL,2021-10-16 23:54:46
304,San Policarpo,12.1791,125.5072,81.63,83,58,5.97,PH,2021-10-16 23:54:46
305,Arlit,18.7369,7.3853,82.49,34,1,7.31,NE,2021-10-16 23:54:47
306,Varadero,23.1536,-81.2514,80.4,71,28,7.27,CU,2021-10-16 23:54:47
307,Hualmay,-11.0964,-77.6139,64.08,85,87,8.72,PE,2021-10-16 23:54:48
308,Srednekolymsk,67.45,153.6833,8.64,93,89,7.38,RU,2021-10-16 23:54:48
309,Oussouye,12.485,-16.5469,79.75,77,23,5.37,SN,2021-10-16 23:54:49
310,Volksrust,-27.3654,29.8818,55.31,88,98,4.21,ZA,2021-10-16 23:54:50
311,Palmas Bellas,9.2319,-80.0867,80.51,93,100,8.05,PA,2021-10-16 23:54:50
312,Portobelo,9.55,-79.65,79.21,87,100,6.76,PA,2021-10-16 23:54:51
313,Fatehpur Sikri,27.1,77.6667,80.82,54,96,5.08,IN,2021-10-16 23:54:51
314,Sitka,57.0531,-135.33,45.73,67,97,1.59,US,2021-10-16 23:54:52
315,Havelock,34.8791,-76.9013,78.78,83,1,9.22,US,2021-10-16 23:54:52
316,Kokstad,-30.5472,29.4241,47.59,84,100,3.15,ZA,2021-10-16 23:54:52
317,Trairi,-3.2778,-39.2689,80.2,76,94,12.82,BR,2021-10-16 23:54:53
318,Yichang,30.7144,111.2847,55.47,79,100,2.55,CN,2021-10-16 23:54:53
319,Dali,25.7,100.1833,55.17,93,100,3.2,CN,2021-10-16 23:54:54
320,Taganak,6.0833,118.3,77.14,69,88,5.37,PH,2021-10-16 23:54:54
321,Darlawn,24.0167,92.9,69.8,78,90,2.59,IN,2021-10-16 23:54:55
322,Bonavista,48.6499,-53.1147,45.12,92,100,26.84,CA,2021-10-16 23:54:55
323,Kjopsvik,68.097,16.3742,41.16,90,100,2.84,NO,2021-10-16 23:54:56
324,Porto Novo,6.4965,2.6036,78.62,88,46,7.2,BJ,2021-10-16 23:54:56
325,Curanilahue,-37.4667,-73.35,46.04,91,80,6.58,CL,2021-10-16 23:54:57
326,Korsakov,46.6328,142.7813,37.24,59,32,24.09,RU,2021-10-16 23:54:57
327,Faanui,-16.4833,-151.75,80.38,70,28,19.28,PF,2021-10-16 23:54:58
328,Marysville,48.0518,-122.1771,67.98,65,75,4.0,US,2021-10-16 23:51:39
329,Kangly,44.2544,43.0308,44.65,93,3,4.47,RU,2021-10-16 23:54:58
330,Inuvik,68.3499,-133.7218,25.81,97,90,0.0,CA,2021-10-16 23:54:59
331,Ukiah,39.1502,-123.2078,85.89,11,1,10.36,US,2021-10-16 23:54:59
332,Bardiyah,31.7561,25.0865,69.58,67,0,11.32,LY,2021-10-16 23:54:59
333,Yellowknife,62.456,-114.3525,34.41,100,90,5.75,CA,2021-10-16 23:55:00
334,Tigil,57.8,158.6667,30.07,80,86,4.41,RU,2021-10-16 23:55:00
335,Buckeye,33.3703,-112.5838,93.2,12,0,6.91,US,2021-10-16 23:55:01
336,Ntungamo,-0.8833,29.65,64.8,97,97,2.73,UG,2021-10-16 23:55:02
337,Aginskoye,51.1,114.53,27.97,68,34,5.95,RU,2021-10-16 23:55:02
338,Phetchaburi,12.9667,99.5833,75.31,98,100,1.99,TH,2021-10-16 23:55:03
339,Arica,-18.475,-70.3042,63.95,77,0,8.05,CL,2021-10-16 23:55:04
340,Marsh Harbour,26.5412,-77.0636,80.56,70,36,7.9,BS,2021-10-16 23:55:05
341,Winneba,5.3511,-0.6231,81.07,89,38,8.43,GH,2021-10-16 23:55:06
342,Grafton,42.207,-71.6856,71.42,78,64,5.99,US,2021-10-16 23:55:06
343,Santarem,-2.4431,-54.7083,86.13,70,0,5.75,BR,2021-10-16 23:55:07
344,Plouzane,48.3833,-4.6167,51.85,93,0,5.75,FR,2021-10-16 23:55:07
345,Sirvintos,55.05,24.95,45.95,82,97,13.44,LT,2021-10-16 23:55:08
346,Grand Gaube,-20.0064,57.6608,73.38,77,6,4.0,MU,2021-10-16 23:55:08
347,Manzhouli,49.6,117.4333,25.57,76,60,6.76,CN,2021-10-16 23:55:09
348,Haines Junction,60.7522,-137.5108,37.35,41,12,2.3,CA,2021-10-16 23:55:09
349,Erenhot,43.6475,111.9767,31.96,25,0,8.93,CN,2021-10-16 23:55:09
350,Cuenca,-2.8833,-78.9833,60.93,63,75,9.22,EC,2021-10-16 23:52:20
351,Ancud,-41.8697,-73.8203,51.33,87,99,7.54,CL,2021-10-16 23:55:10
352,Lac Du Bonnet,50.2536,-96.0612,47.62,52,1,6.38,CA,2021-10-16 23:55:11
353,Batetskiy,58.6461,30.3027,42.49,86,88,13.47,RU,2021-10-16 23:55:11
354,Kez,57.8979,53.7152,42.85,70,100,9.26,RU,2021-10-16 23:55:12
355,Mitsamiouli,-11.3847,43.2844,76.77,79,5,14.9,KM,2021-10-16 23:55:12
356,Port Hardy,50.6996,-127.4199,48.38,93,75,10.36,CA,2021-10-16 23:55:13
357,Vagur,61.4732,-6.8119,43.0,71,98,14.63,FO,2021-10-16 23:55:13
358,Nargana,9.4428,-78.5906,77.4,80,100,4.09,PA,2021-10-16 23:55:14
359,Marienburg,54.0359,19.0266,52.95,77,100,12.37,PL,2021-10-16 23:55:14
360,Buraydah,26.326,43.975,73.85,16,0,2.51,SA,2021-10-16 23:55:15
361,Reserva,-24.6503,-50.8506,62.91,96,51,1.12,BR,2021-10-16 23:55:15
362,Malanje,-9.5402,16.341,65.48,80,51,5.82,AO,2021-10-16 23:55:16
363,Praia Da Vitoria,38.7333,-27.0667,74.75,94,75,28.72,PT,2021-10-16 23:55:16
364,Caravelas,-17.7125,-39.2481,75.7,80,80,11.5,BR,2021-10-16 23:53:43
365,Aloleng,16.1307,119.7824,81.55,80,82,5.86,PH,2021-10-16 23:55:17
366,Matagami,49.7502,-77.6328,48.31,100,90,17.27,CA,2021-10-16 23:55:17
367,San Andres,12.5847,-81.7006,77.02,94,90,5.75,CO,2021-10-16 23:55:18
368,Iskateley,67.6803,53.1512,37.42,98,100,10.78,RU,2021-10-16 23:55:18
369,Agirish,61.9247,63.0231,39.81,79,99,8.93,RU,2021-10-16 23:55:19
370,Curuca,-0.7289,-47.8481,77.52,86,88,5.08,BR,2021-10-16 23:55:19
371,Pak Phanang,8.3511,100.202,80.08,79,100,4.72,TH,2021-10-16 23:55:20
372,Pevek,69.7008,170.3133,10.9,84,93,2.64,RU,2021-10-16 23:55:20
373,Timmins,48.4669,-81.3331,46.22,81,40,4.61,CA,2021-10-16 23:55:21
374,Sandwick,60.0,-1.25,42.62,87,100,3.44,GB,2021-10-16 23:55:21
375,Touros,-5.1989,-35.4608,77.9,80,88,15.73,BR,2021-10-16 23:55:22
376,Taoudenni,22.6783,-3.9836,86.92,17,80,13.29,ML,2021-10-16 23:55:22
377,Le Port,-20.9373,55.2919,71.56,86,18,10.45,RE,2021-10-16 23:55:23
378,Dedougou,12.4667,-3.4667,83.19,44,70,4.59,BF,2021-10-16 23:55:23
379,Harper,4.375,-7.7169,77.76,87,53,7.43,LR,2021-10-16 23:55:24
380,Bobcaygeon,44.5462,-78.542,50.88,90,84,8.39,CA,2021-10-16 23:53:37
381,Chino Valley,34.7575,-112.4538,75.42,21,0,4.0,US,2021-10-16 23:55:25
382,Tondano,1.3038,124.9112,75.29,70,80,2.73,ID,2021-10-16 23:55:25
383,Nelson Bay,-32.7167,152.15,69.12,45,0,3.0,AU,2021-10-16 23:55:26
384,Ust-Nera,64.5667,143.2,3.9,90,50,4.88,RU,2021-10-16 23:55:26
385,Aljezur,37.3191,-8.8033,62.8,76,99,5.53,PT,2021-10-16 23:55:26
386,Terra Santa,-2.1042,-56.4869,85.8,45,72,5.44,BR,2021-10-16 23:55:27
387,Vostok,46.4856,135.8833,21.87,63,100,13.76,RU,2021-10-16 23:55:27
388,Rabo De Peixe,37.8,-25.5833,72.91,94,75,20.71,PT,2021-10-16 23:55:28
389,Mehtar Lam,34.6714,70.2094,69.49,26,1,4.29,AF,2021-10-16 23:55:28
390,Guerrero Negro,27.9769,-114.0611,80.53,30,0,12.97,MX,2021-10-16 23:55:28
391,Burns Lake,54.2331,-125.7533,42.22,97,100,2.48,CA,2021-10-16 23:55:29
392,Omboue,-1.5746,9.2618,76.69,87,100,6.78,GA,2021-10-16 23:55:30
393,La Rioja,42.25,-2.5,58.05,53,100,1.25,ES,2021-10-16 23:53:12
394,Brokopondo,4.75,-55.1667,81.48,76,66,10.45,SR,2021-10-16 23:55:30
395,Korla,41.7597,86.1469,47.28,34,4,2.98,CN,2021-10-16 23:55:31
396,Yaan,7.3833,8.5667,74.46,89,26,6.29,NG,2021-10-16 23:55:31
397,Marau,-28.4492,-52.2,55.31,93,99,8.39,BR,2021-10-16 23:55:32
398,Tarancon,40.0085,-3.0073,61.66,41,100,7.76,ES,2021-10-16 23:55:32
399,Mamallapuram,12.6264,80.1722,78.85,85,100,12.59,IN,2021-10-16 23:55:32
400,Ridgecrest,35.6225,-117.6709,81.64,8,1,1.01,US,2021-10-16 23:54:35
401,Hofn,64.2539,-15.2082,34.72,77,100,10.92,IS,2021-10-16 23:55:33
402,Kars,40.602,43.095,36.45,56,0,1.88,TR,2021-10-16 23:55:34
403,Salinopolis,-0.6136,-47.3561,81.1,80,68,11.1,BR,2021-10-16 23:55:34
404,Olafsvik,64.8945,-23.7142,37.17,73,100,17.9,IS,2021-10-16 23:55:35
405,Smithers,54.7804,-127.1743,41.32,70,75,5.75,CA,2021-10-16 23:55:35
406,Stromness,58.965,-3.296,46.65,71,100,2.37,GB,2021-10-16 23:55:36
407,Carolina,18.3808,-65.9574,83.86,85,40,0.0,PR,2021-10-16 23:55:36
408,Gonda,27.1333,81.9333,76.06,80,92,5.93,IN,2021-10-16 23:55:37
409,La Paz,-16.5,-68.15,55.38,62,75,11.5,BO,2021-10-16 23:55:22
410,Neiafu,-18.65,-173.9833,83.08,74,75,5.75,TO,2021-10-16 23:55:38
411,Wattegama,6.7989,81.4808,76.15,78,84,8.28,LK,2021-10-16 23:55:38
412,Fort Nelson,58.8053,-122.7002,42.39,42,75,3.44,CA,2021-10-16 23:55:39
413,Bjornevatn,69.6672,29.9847,41.34,87,75,13.8,NO,2021-10-16 23:55:39
414,Evanston,42.0411,-87.6901,56.1,52,1,1.01,US,2021-10-16 23:55:40
415,Taldan,53.6667,124.8,20.97,45,70,1.14,RU,2021-10-16 23:55:40
416,Gizo,-8.103,156.8419,84.52,68,42,5.12,SB,2021-10-16 23:55:40
417,Dakar,14.6937,-17.4441,79.68,78,92,13.38,SN,2021-10-16 23:55:41
418,Cap-Aux-Meules,47.3821,-61.8597,48.25,87,20,8.05,CA,2021-10-16 23:55:41
419,Katsuura,35.1333,140.3,65.19,86,42,18.77,JP,2021-10-16 23:55:42
420,Byron Bay,-28.65,153.6167,75.06,45,5,5.01,AU,2021-10-16 23:55:42
421,Port Macquarie,-31.4333,152.9167,71.89,37,0,4.83,AU,2021-10-16 23:55:43
422,Ust-Ilimsk,58.0006,102.6619,20.66,98,57,1.9,RU,2021-10-16 23:55:43
423,Naze,28.3667,129.4833,72.52,75,90,23.91,JP,2021-10-16 23:55:44
424,Bakaly,55.1789,53.8028,38.1,64,69,7.72,RU,2021-10-16 23:55:44
425,Dingle,10.9995,122.6711,81.41,83,21,3.42,PH,2021-10-16 23:55:45
426,Nantucket,41.2835,-70.0995,71.02,91,82,24.32,US,2021-10-16 23:55:45
427,Hay River,60.8156,-115.7999,40.98,60,20,4.61,CA,2021-10-16 23:55:46
428,Novoagansk,61.9449,76.6625,37.81,94,95,9.73,RU,2021-10-16 23:55:46
429,Vila Franca Do Campo,37.7167,-25.4333,73.81,94,100,22.66,PT,2021-10-16 23:55:47
430,Port Lincoln,-34.7333,135.8667,60.48,67,63,10.49,AU,2021-10-16 23:55:47
431,Jacareacanga,-6.2222,-57.7528,81.57,61,85,1.77,BR,2021-10-16 23:55:48
432,Alyangula,-13.8483,136.4192,84.07,70,84,3.44,AU,2021-10-16 23:55:48
433,Cazones,20.7167,-97.3167,73.13,89,72,19.69,MX,2021-10-16 23:55:49
434,Kathmandu,27.7167,85.3167,63.73,82,45,1.14,NP,2021-10-16 23:54:18
435,Oranjemund,-28.55,16.4333,54.34,74,11,16.15,NA,2021-10-16 23:55:49
436,Volnovakha,47.601,37.4967,47.95,52,89,7.87,UA,2021-10-16 23:55:50
437,Dunedin,-45.8742,170.5036,63.81,54,51,8.99,NZ,2021-10-16 23:54:46
438,Vuktyl,63.8567,57.3094,40.37,88,100,12.66,RU,2021-10-16 23:55:50
439,Qaqortoq,60.7167,-46.0333,37.42,64,47,6.11,GL,2021-10-16 23:55:50
440,Kenai,60.5544,-151.2583,41.09,66,40,6.91,US,2021-10-16 23:55:51
441,Verkh-Usugli,52.7,115.1667,23.0,77,96,2.35,RU,2021-10-16 23:55:51
442,Upata,8.0086,-62.3989,78.51,63,35,4.0,VE,2021-10-16 23:55:52
443,Saint-Francois,46.4154,3.9054,40.68,93,90,2.3,FR,2021-10-16 23:55:52
444,Phalaborwa,-23.943,31.1411,70.88,69,10,17.69,ZA,2021-10-16 23:55:53
445,Tiznit,29.5833,-9.5,71.33,34,4,1.9,MA,2021-10-16 23:55:53
446,Araouane,18.9048,-3.5265,86.63,10,0,11.07,ML,2021-10-16 23:55:54
447,Lima,-12.0432,-77.0282,67.89,73,92,17.27,PE,2021-10-16 23:51:14
448,Lambarene,-0.7001,10.2406,74.17,97,100,3.09,GA,2021-10-16 23:55:54
449,Alexandria,31.2156,29.9553,73.36,73,0,10.36,EG,2021-10-16 23:53:03
450,Puerto Escondido,15.85,-97.0667,82.11,79,17,3.85,MX,2021-10-16 23:55:55
451,Kupang,-10.1667,123.5833,84.78,74,20,2.3,ID,2021-10-16 23:55:55
452,Narasannapeta,18.4167,84.05,77.56,89,100,3.4,IN,2021-10-16 23:55:56
453,Great Yarmouth,52.6083,1.7305,54.01,85,96,12.95,GB,2021-10-16 23:55:56
454,Nanyamba,-10.6833,39.8333,66.15,97,1,2.37,TZ,2021-10-16 23:55:56
455,Saldanha,-33.0117,17.9442,53.65,65,73,14.32,ZA,2021-10-16 23:55:57
456,Zeya,53.75,127.2667,22.82,40,4,4.0,RU,2021-10-16 23:55:57
457,Guanagazapa,14.2253,-90.6433,86.86,94,53,1.86,GT,2021-10-16 23:55:58
458,Kargasok,59.0556,80.8572,35.2,91,2,6.31,RU,2021-10-16 23:55:59
459,Dikson,73.5069,80.5464,30.88,98,100,11.9,RU,2021-10-16 23:55:59
460,San Juan De Los Morros,9.9115,-67.3538,82.42,89,42,3.11,VE,2021-10-16 23:55:59
461,Manacapuru,-3.2997,-60.6206,88.38,46,94,2.06,BR,2021-10-16 23:56:00
462,Vestmannaeyjar,63.4427,-20.2734,40.6,85,100,26.64,IS,2021-10-16 23:56:00
463,Richards Bay,-28.783,32.0377,66.0,84,100,10.63,ZA,2021-10-16 23:53:05
464,Darhan,49.4867,105.9228,27.73,54,30,3.0,MN,2021-10-16 23:56:01
465,Kieta,-6.2167,155.6333,84.0,73,67,6.02,PG,2021-10-16 23:53:19
466,Tyukhtet,56.5389,89.3011,31.51,68,14,5.12,RU,2021-10-16 23:56:02
467,Kantunilkin,21.0917,-87.45,83.95,84,53,3.8,MX,2021-10-16 23:56:02
468,Padang,-0.9492,100.3543,77.05,78,100,2.66,ID,2021-10-16 23:56:03
469,Tiksi,71.6872,128.8694,9.28,88,96,6.55,RU,2021-10-16 23:56:03
470,Salinas,36.6777,-121.6555,87.57,28,0,5.79,US,2021-10-16 23:56:03
471,Sinnamary,5.3833,-52.95,80.6,86,55,11.25,GF,2021-10-16 23:56:04
472,Ngaoundere,7.3167,13.5833,65.37,98,100,3.04,CM,2021-10-16 23:56:04
473,Jiangmen,22.5833,113.0833,68.99,85,93,4.0,CN,2021-10-16 23:56:05
474,Palmer,42.1584,-72.3287,71.15,73,90,4.0,US,2021-10-16 23:56:06
475,Ketchikan,55.3422,-131.6461,46.56,67,96,2.59,US,2021-10-16 23:56:06
476,Sakakah,29.9697,40.2064,74.77,19,0,8.86,SA,2021-10-16 23:55:24
477,Nigde,37.8333,34.75,46.76,84,0,2.37,TR,2021-10-16 23:56:07
478,Kruisfontein,-34.0033,24.7314,49.89,60,87,17.76,ZA,2021-10-16 23:56:07
479,Sinjai,-5.1241,120.253,84.49,70,42,0.87,ID,2021-10-16 23:56:08
480,Almeirim,-1.5233,-52.5817,78.49,77,60,4.03,BR,2021-10-16 23:56:08
481,Poronaysk,49.2167,143.1167,35.96,70,13,25.39,RU,2021-10-16 23:56:09
482,Strezhevoy,60.7333,77.5889,35.58,93,12,8.05,RU,2021-10-16 23:56:10
483,Virginia Beach,36.8529,-75.978,68.05,84,90,26.46,US,2021-10-16 23:51:37
484,Winston,28.0317,-82.0148,82.9,73,20,5.75,US,2021-10-16 23:56:11
485,Tabas,33.5959,56.9244,64.6,20,0,2.8,IR,2021-10-16 23:56:11
486,Preobrazheniye,42.9019,133.9064,33.37,40,1,10.74,RU,2021-10-16 23:56:12
487,Asau,46.4333,26.4,49.75,75,100,4.25,RO,2021-10-16 23:56:12
488,Taltal,-25.4,-70.4833,60.69,69,13,5.26,CL,2021-10-16 23:56:13
489,Freeport,40.6576,-73.5832,71.02,70,14,1.99,US,2021-10-16 23:53:47
490,Troitsko-Pechorsk,62.7084,56.1964,41.16,88,100,10.8,RU,2021-10-16 23:56:13
491,Lubbock,33.6001,-101.8338,65.07,22,0,8.41,US,2021-10-16 23:56:14
492,Phrae,18.0833,100.0,74.93,99,100,3.02,TH,2021-10-16 23:56:14
493,Roald,62.5833,6.1333,41.14,75,20,12.66,NO,2021-10-16 23:56:14
494,Brae,60.3964,-1.353,42.71,72,97,4.25,GB,2021-10-16 23:56:15
495,Monrovia,6.3005,-10.7969,78.75,82,91,7.0,LR,2021-10-16 23:53:01
496,Pekin,39.9075,116.3972,33.69,23,0,0.89,CN,2021-10-16 23:52:57
497,Bonaventure,48.0457,-65.4926,54.18,93,100,8.05,CA,2021-10-16 23:56:16
498,Winnemucca,40.973,-117.7357,72.1,15,6,6.46,US,2021-10-16 23:56:17
499,Tezpur,26.6333,92.8,74.71,91,88,6.4,IN,2021-10-16 23:56:17
500,Deputatskiy,69.3,139.9,-6.47,100,100,1.43,RU,2021-10-16 23:56:18
501,Sorong,-0.8833,131.25,83.98,78,100,14.76,ID,2021-10-16 23:56:18
502,Derby,52.9228,-1.4766,54.21,88,0,10.36,GB,2021-10-16 23:56:18
503,Sao Filipe,14.8961,-24.4956,78.49,79,100,6.67,CV,2021-10-16 23:54:31
504,Pringsewu,-5.3582,104.9744,77.27,89,100,4.88,ID,2021-10-16 23:56:19
505,Syracuse,37.0881,15.2792,63.9,67,83,3.94,IT,2021-10-16 23:56:20
506,Talnakh,69.4865,88.3972,30.29,96,100,15.77,RU,2021-10-16 23:56:20
507,Selikhino,50.3672,137.4996,28.49,80,100,18.14,RU,2021-10-16 23:56:20
508,Pirapora,-17.345,-44.9419,76.32,72,65,0.47,BR,2021-10-16 23:56:21
509,Sioux Lookout,50.1001,-91.917,52.18,62,20,5.75,CA,2021-10-16 23:56:21
510,Gazanjyk,39.2446,55.5154,54.54,24,0,15.12,TM,2021-10-16 23:56:22
511,Roseburg,43.2165,-123.3417,72.34,52,86,3.06,US,2021-10-16 23:56:22
512,Rezh,57.37,61.4043,36.64,83,25,6.78,RU,2021-10-16 23:56:22
513,Gigmoto,13.7796,124.39,82.54,80,38,5.35,PH,2021-10-16 23:56:23
514,Petrila,45.45,23.4167,45.46,98,98,1.54,RO,2021-10-16 23:56:24
515,Sorkjosen,69.8,20.9333,38.77,95,100,10.85,NO,2021-10-16 23:56:24
516,Saurimo,-9.6608,20.3916,64.56,96,63,4.07,AO,2021-10-16 23:56:25
517,Saint-Joseph,-21.3667,55.6167,70.16,72,25,9.95,RE,2021-10-16 23:56:25
518,Mersing,2.4312,103.8405,75.11,94,78,4.61,MY,2021-10-16 23:56:26
519,Krasnoselkup,65.7,82.4667,37.35,94,100,17.25,RU,2021-10-16 23:56:26
520,Pervomayskiy,53.2485,40.2871,40.14,79,43,6.76,RU,2021-10-16 23:56:27
521,Gorno-Altaysk,51.9561,85.955,36.18,69,91,4.83,RU,2021-10-16 23:56:27
522,La Ronge,55.1001,-105.2842,53.85,43,75,2.3,CA,2021-10-16 23:56:27
523,Udachnyy,66.4167,112.4,8.69,98,96,3.91,RU,2021-10-16 23:56:28
524,Oriximina,-1.7656,-55.8661,85.87,52,37,7.31,BR,2021-10-16 23:56:28
525,Voskresenskoye,56.8381,45.4317,43.84,78,98,11.23,RU,2021-10-16 23:56:29
526,Stonewall,50.1344,-97.3268,60.48,42,2,7.83,CA,2021-10-16 23:56:29
527,Naron,43.5167,-8.1528,64.69,84,100,8.37,ES,2021-10-16 23:56:30
528,Batagay-Alyta,67.8006,130.4114,-1.07,84,24,3.62,RU,2021-10-16 23:56:30
529,Tagusao,9.1924,117.8141,81.05,80,83,4.63,PH,2021-10-16 23:56:31
530,Kandi,11.1342,2.9386,77.02,45,68,3.51,BJ,2021-10-16 23:56:31
531,Bombay,19.0144,72.8479,82.38,74,40,0.0,IN,2021-10-16 23:54:04
532,Tacuarembo,-31.7333,-55.9833,49.17,79,31,5.82,UY,2021-10-16 23:52:15
533,Havre-Saint-Pierre,50.2334,-63.5986,50.59,93,1,6.91,CA,2021-10-16 23:56:32
534,Sonsonate,13.7189,-89.7242,76.08,91,78,1.36,SV,2021-10-16 23:56:33
535,Shimizu,43.0061,142.8847,42.55,81,100,14.23,JP,2021-10-16 23:56:33
536,Pisco,-13.7,-76.2167,64.45,72,0,19.57,PE,2021-10-16 23:55:17
537,Makinsk,52.6292,70.4169,36.93,66,99,5.61,KZ,2021-10-16 23:56:34
538,Nizhniy Baskunchak,48.2198,46.8311,53.89,37,88,7.43,RU,2021-10-16 23:56:34
539,Santo Domingo,18.5001,-69.9886,84.04,76,40,1.01,DO,2021-10-16 23:56:35
540,Cachoeiro De Itapemirim,-20.8489,-41.1128,74.66,97,96,1.05,BR,2021-10-16 23:56:24
541,Balasheyka,53.2841,48.0851,42.82,57,99,4.36,RU,2021-10-16 23:56:36
542,Ugoofaaru,5.6667,73.0,81.23,78,82,23.67,MV,2021-10-16 23:56:36
543,Gat,31.61,34.7642,75.4,65,84,4.72,IL,2021-10-16 23:56:37
544,Tautira,-17.7333,-149.15,86.02,71,55,17.85,PF,2021-10-16 23:56:37
545,Boyolangu,-8.1181,111.8935,79.66,79,86,5.64,ID,2021-10-16 23:56:37
546,Concordia,-31.393,-58.0209,53.4,60,1,8.28,AR,2021-10-16 23:56:38
547,Iwanai,42.9744,140.5089,40.03,79,99,19.89,JP,2021-10-16 23:56:38
548,Teeli,51.0333,90.2333,24.04,70,32,1.63,RU,2021-10-16 23:56:39
549,Bubaque,11.2833,-15.8333,82.72,74,23,9.4,GW,2021-10-16 23:56:39
550,Galle,6.0367,80.217,79.66,84,86,16.46,LK,2021-10-16 23:56:40
551,Seoul,37.5683,126.9778,40.39,40,0,9.22,KR,2021-10-16 23:54:12
552,Micheweni,-4.9667,39.8333,75.97,81,14,9.28,TZ,2021-10-16 23:56:41
553,Muyezerskiy,63.9333,31.65,33.75,97,100,13.96,RU,2021-10-16 23:56:41
554,Mastic Beach,40.7668,-72.8521,72.01,88,90,1.99,US,2021-10-16 23:56:41
